{
  "Retail_0025": 0.0, 
  "Retail_0024": 0.0, 
  "Retail_0027": 0.0, 
  "Retail_0026": 0.0, 
  "Retail_0021": 0.0, 
  "Retail_0020": 0.0, 
  "Retail_0023": 0.0, 
  "Retail_0022": 0.0, 
  "Retail_0029": 0.0, 
  "Retail_0028": 0.0, 
  "Part_0003": 0.92000000000000004, 
  "Part_0002": 1.02, 
  "Part_0001": 0.33000000000000002, 
  "Part_0007": 1.0600000000000001, 
  "Part_0006": 0.29999999999999999, 
  "Part_0005": 8.0199999999999996, 
  "Part_0004": 0.73999999999999999, 
  "Part_0009": 0.050000000000000003, 
  "Part_0008": 1.4099999999999999, 
  "Manuf_0055": 0.02, 
  "Manuf_0054": 0.32000000000000001, 
  "Manuf_0057": 0.34999999999999998, 
  "Manuf_0056": 0.33000000000000002, 
  "Manuf_0051": 0.029999999999999999, 
  "Manuf_0050": 0.01, 
  "Manuf_0053": 0.01, 
  "Manuf_0052": 0.02, 
  "Manuf_0059": 0.54000000000000004, 
  "Manuf_0058": 0.22, 
  "Part_0014": 0.050000000000000003, 
  "Part_0015": 0.029999999999999999, 
  "Part_0016": 0.029999999999999999, 
  "Part_0017": 0.029999999999999999, 
  "Part_0010": 0.10000000000000001, 
  "Part_0011": 0.029999999999999999, 
  "Part_0012": 0.029999999999999999, 
  "Part_0013": 0.029999999999999999, 
  "Part_0018": 0.029999999999999999, 
  "Part_0019": 0.040000000000000001, 
  "Part_0061": 0.029999999999999999, 
  "Part_0060": 0.059999999999999998, 
  "Part_0063": 0.040000000000000001, 
  "Part_0062": 0.029999999999999999, 
  "Part_0065": 0.02, 
  "Part_0064": 0.050000000000000003, 
  "Part_0067": 0.050000000000000003, 
  "Part_0066": 0.050000000000000003, 
  "Part_0069": 0.029999999999999999, 
  "Part_0068": 0.050000000000000003, 
  "Retail_0032": 0.0, 
  "Retail_0033": 0.0, 
  "Retail_0030": 0.0, 
  "Retail_0031": 0.0, 
  "Retail_0034": 0.0, 
  "Part_0047": 0.029999999999999999, 
  "Part_0046": 0.40000000000000002, 
  "Part_0045": 0.040000000000000001, 
  "Part_0044": 0.029999999999999999, 
  "Part_0043": 0.029999999999999999, 
  "Part_0042": 0.029999999999999999, 
  "Dist_0015": 0.17000000000000001, 
  "Dist_0014": 0.14000000000000001, 
  "Dist_0017": 0.20999999999999999, 
  "Dist_0016": 0.28999999999999998, 
  "Dist_0011": 0.23000000000000001, 
  "Dist_0010": 0.32000000000000001, 
  "Dist_0013": 0.28999999999999998, 
  "Dist_0012": 0.17000000000000001, 
  "Part_0040": 0.029999999999999999, 
  "Manuf_0008": 0.34000000000000002, 
  "Manuf_0009": 0.27000000000000002, 
  "Manuf_0002": 0.37, 
  "Manuf_0003": 0.25, 
  "Manuf_0001": 0.23000000000000001, 
  "Manuf_0006": 0.26000000000000001, 
  "Manuf_0007": 0.35999999999999999, 
  "Manuf_0004": 0.28999999999999998, 
  "Manuf_0005": 0.75, 
  "Part_0049": 0.029999999999999999, 
  "Part_0048": 0.17999999999999999, 
  "Dist_0006": 0.25, 
  "Dist_0007": 0.20000000000000001, 
  "Dist_0004": 0.17999999999999999, 
  "Dist_0005": 0.22, 
  "Dist_0002": 0.20999999999999999, 
  "Dist_0003": 0.27000000000000002, 
  "Part_0041": 0.029999999999999999, 
  "Dist_0001": 0.25, 
  "Dist_0008": 0.20999999999999999, 
  "Dist_0009": 0.23000000000000001, 
  "Manuf_0019": 0.85999999999999999, 
  "Manuf_0018": 0.81999999999999995, 
  "Manuf_0011": 0.71999999999999997, 
  "Manuf_0010": 0.75, 
  "Manuf_0013": 0.71999999999999997, 
  "Manuf_0012": 1.02, 
  "Manuf_0015": 1.3, 
  "Manuf_0014": 0.72999999999999998, 
  "Manuf_0017": 0.75, 
  "Manuf_0016": 1.03, 
  "Part_0072": 0.050000000000000003, 
  "Part_0073": 0.050000000000000003, 
  "Part_0070": 0.040000000000000001, 
  "Part_0058": 0.040000000000000001, 
  "Part_0059": 0.029999999999999999, 
  "Part_0071": 0.040000000000000001, 
  "Part_0050": 0.059999999999999998, 
  "Part_0051": 0.040000000000000001, 
  "Part_0052": 0.050000000000000003, 
  "Part_0053": 0.040000000000000001, 
  "Part_0054": 0.050000000000000003, 
  "Part_0055": 0.050000000000000003, 
  "Part_0056": 0.040000000000000001, 
  "Part_0057": 0.040000000000000001, 
  "Part_0074": 0.02, 
  "Part_0075": 0.050000000000000003, 
  "Manuf_0028": 0.17999999999999999, 
  "Manuf_0029": 0.19, 
  "Manuf_0024": 0.59999999999999998, 
  "Manuf_0025": 1.53, 
  "Manuf_0026": 1.9299999999999999, 
  "Manuf_0027": 0.11, 
  "Manuf_0020": 0.76000000000000001, 
  "Manuf_0021": 0.80000000000000004, 
  "Manuf_0022": 0.91000000000000003, 
  "Manuf_0023": 0.85999999999999999, 
  "Retail_0003": 0.0, 
  "Retail_0002": 0.0, 
  "Retail_0001": 0.0, 
  "Retail_0007": 0.0, 
  "Retail_0006": 0.0, 
  "Retail_0005": 0.0, 
  "Retail_0004": 0.0, 
  "Retail_0009": 0.0, 
  "Retail_0008": 0.0, 
  "Part_0029": 0.029999999999999999, 
  "Part_0028": 0.029999999999999999, 
  "Part_0025": 0.029999999999999999, 
  "Part_0024": 0.029999999999999999, 
  "Part_0027": 0.029999999999999999, 
  "Part_0026": 0.029999999999999999, 
  "Part_0021": 0.029999999999999999, 
  "Part_0020": 0.029999999999999999, 
  "Part_0023": 0.040000000000000001, 
  "Part_0022": 0.029999999999999999, 
  "Manuf_0033": 0.27000000000000002, 
  "Manuf_0032": 0.23000000000000001, 
  "Manuf_0031": 0.20000000000000001, 
  "Manuf_0030": 0.16, 
  "Manuf_0037": 0.17000000000000001, 
  "Manuf_0036": 0.22, 
  "Manuf_0035": 0.20000000000000001, 
  "Manuf_0034": 0.23999999999999999, 
  "Manuf_0039": 0.22, 
  "Manuf_0038": 0.17000000000000001, 
  "Retail_0010": 0.0, 
  "Retail_0011": 0.0, 
  "Retail_0012": 0.0, 
  "Retail_0013": 0.0, 
  "Retail_0014": 0.0, 
  "Retail_0015": 0.0, 
  "Retail_0016": 0.0, 
  "Retail_0017": 0.0, 
  "Retail_0018": 0.0, 
  "Retail_0019": 0.0, 
  "Part_0038": 0.040000000000000001, 
  "Part_0039": 0.029999999999999999, 
  "Part_0036": 0.02, 
  "Part_0037": 0.029999999999999999, 
  "Part_0034": 0.050000000000000003, 
  "Part_0035": 0.040000000000000001, 
  "Part_0032": 0.029999999999999999, 
  "Part_0033": 0.029999999999999999, 
  "Part_0030": 0.029999999999999999, 
  "Part_0031": 0.040000000000000001, 
  "Part_0076": 0.029999999999999999, 
  "Manuf_0046": 0.059999999999999998, 
  "Manuf_0047": 0.059999999999999998, 
  "Manuf_0044": 0.029999999999999999, 
  "Manuf_0045": 0.20000000000000001, 
  "Manuf_0042": 0.029999999999999999, 
  "Manuf_0043": 0.12, 
  "Manuf_0040": 0.19, 
  "Manuf_0041": 0.20000000000000001, 
  "Manuf_0048": 0.029999999999999999, 
  "Manuf_0049": 0.02
}