{
  "Part_0022": 19.0, 
  "Part_0003": 19.0, 
  "Part_0002": 21.0, 
  "Part_0001": 23.0, 
  "Part_0007": 21.5, 
  "Part_0006": 21.0, 
  "Part_0005": 22.0, 
  "Part_0004": 22.0, 
  "Part_0009": 21.5, 
  "Part_0008": 21.5, 
  "Dist_0006": 23.0, 
  "Dist_0007": 23.0, 
  "Dist_0048": 20.0, 
  "Dist_0049": 22.0, 
  "Dist_0002": 22.0, 
  "Dist_0003": 22.0, 
  "Dist_0001": 20.0, 
  "Dist_0042": 20.0, 
  "Dist_0043": 21.0, 
  "Dist_0040": 22.0, 
  "Dist_0041": 21.0, 
  "Dist_0046": 21.0, 
  "Dist_0047": 21.0, 
  "Dist_0044": 24.0, 
  "Dist_0045": 22.0, 
  "Part_0014": 23.0, 
  "Part_0015": 24.0, 
  "Part_0016": 22.0, 
  "Part_0017": 19.0, 
  "Part_0010": 21.0, 
  "Part_0011": 22.0, 
  "Part_0012": 21.0, 
  "Part_0013": 23.0, 
  "Dist_0033": 20.0, 
  "Dist_0032": 24.0, 
  "Dist_0031": 22.0, 
  "Dist_0030": 21.0, 
  "Part_0018": 22.0, 
  "Part_0019": 21.0, 
  "Dist_0035": 19.0, 
  "Dist_0034": 22.0, 
  "Dist_0008": 20.0, 
  "Dist_0009": 21.0, 
  "Dist_0028": 23.0, 
  "Dist_0029": 23.0, 
  "Dist_0024": 24.0, 
  "Dist_0025": 22.0, 
  "Dist_0026": 23.0, 
  "Dist_0027": 22.0, 
  "Part_0021": 19.0, 
  "Dist_0021": 22.0, 
  "Dist_0022": 22.0, 
  "Dist_0023": 21.0, 
  "Dist_0020": 21.0, 
  "Dist_0039": 24.0, 
  "Part_0020": 21.0, 
  "Part_0023": 21.0, 
  "Trans_0005": 23.0, 
  "Trans_0004": 20.0, 
  "Trans_0003": 9.3000000000000007, 
  "Trans_0002": 7.5, 
  "Trans_0001": 7.5, 
  "Dist_0038": 20.0, 
  "Dist_0004": 19.0, 
  "Dist_0005": 20.0, 
  "Dist_0037": 19.0, 
  "Dist_0015": 22.0, 
  "Dist_0014": 20.0, 
  "Dist_0017": 24.0, 
  "Dist_0016": 21.0, 
  "Dist_0011": 20.0, 
  "Dist_0010": 24.0, 
  "Dist_0013": 24.0, 
  "Dist_0012": 23.0, 
  "Dist_0051": 21.0, 
  "Dist_0050": 19.0, 
  "Dist_0019": 23.0, 
  "Dist_0018": 22.0, 
  "Manuf_0008": 19.600000000000001, 
  "Manuf_0009": 19.600000000000001, 
  "Dist_0036": 19.0, 
  "Manuf_0002": 19.0, 
  "Manuf_0003": 23.0, 
  "Manuf_0001": 19.0, 
  "Manuf_0006": 19.600000000000001, 
  "Manuf_0007": 19.600000000000001, 
  "Manuf_0004": 19.0, 
  "Manuf_0005": 22.0
}