{
  "Part_0022": 0.34999999999999998, 
  "Part_0003": 0.90000000000000002, 
  "Part_0002": 0.53000000000000003, 
  "Part_0001": 0.81000000000000005, 
  "Part_0007": 0.35999999999999999, 
  "Part_0006": 0.46000000000000002, 
  "Part_0005": 0.53000000000000003, 
  "Part_0004": 0.81999999999999995, 
  "Part_0009": 0.46999999999999997, 
  "Part_0008": 0.56000000000000005, 
  "Dist_0006": 1.97, 
  "Dist_0007": 1.97, 
  "Dist_0048": 1.97, 
  "Dist_0049": 1.97, 
  "Dist_0002": 1.97, 
  "Dist_0003": 1.97, 
  "Dist_0001": 1.97, 
  "Dist_0042": 1.97, 
  "Dist_0043": 1.97, 
  "Dist_0040": 1.97, 
  "Dist_0041": 1.97, 
  "Dist_0046": 1.97, 
  "Dist_0047": 1.97, 
  "Dist_0044": 1.97, 
  "Dist_0045": 1.97, 
  "Part_0014": 0.83999999999999997, 
  "Part_0015": 0.88, 
  "Part_0016": 0.5, 
  "Part_0017": 0.38, 
  "Part_0010": 0.53000000000000003, 
  "Part_0011": 1.3200000000000001, 
  "Part_0012": 0.37, 
  "Part_0013": 0.88, 
  "Dist_0033": 1.97, 
  "Dist_0032": 1.97, 
  "Dist_0031": 1.97, 
  "Dist_0030": 1.97, 
  "Part_0018": 0.67000000000000004, 
  "Part_0019": 0.68000000000000005, 
  "Dist_0035": 1.97, 
  "Dist_0034": 1.97, 
  "Dist_0008": 1.97, 
  "Dist_0009": 1.97, 
  "Dist_0028": 1.97, 
  "Dist_0029": 1.97, 
  "Dist_0024": 1.97, 
  "Dist_0025": 1.97, 
  "Dist_0026": 1.97, 
  "Dist_0027": 1.97, 
  "Part_0021": 0.48999999999999999, 
  "Dist_0021": 1.97, 
  "Dist_0022": 1.97, 
  "Dist_0023": 1.97, 
  "Dist_0020": 1.97, 
  "Dist_0039": 1.97, 
  "Part_0020": 0.82999999999999996, 
  "Part_0023": 0.68999999999999995, 
  "Trans_0005": 0.20000000000000001, 
  "Trans_0004": 0.20000000000000001, 
  "Trans_0003": 21.0, 
  "Trans_0002": 14.0, 
  "Trans_0001": 5.0, 
  "Dist_0038": 1.97, 
  "Dist_0004": 1.97, 
  "Dist_0005": 1.97, 
  "Dist_0037": 1.97, 
  "Dist_0015": 1.97, 
  "Dist_0014": 1.97, 
  "Dist_0017": 1.97, 
  "Dist_0016": 1.97, 
  "Dist_0011": 1.97, 
  "Dist_0010": 1.97, 
  "Dist_0013": 1.97, 
  "Dist_0012": 1.97, 
  "Dist_0051": 1.97, 
  "Dist_0050": 1.97, 
  "Dist_0019": 1.97, 
  "Dist_0018": 1.97, 
  "Manuf_0008": 0.60999999999999999, 
  "Manuf_0009": 0.73999999999999999, 
  "Dist_0036": 1.97, 
  "Manuf_0002": 0.95999999999999996, 
  "Manuf_0003": 0.42999999999999999, 
  "Manuf_0001": 0.92000000000000004, 
  "Manuf_0006": 0.35999999999999999, 
  "Manuf_0007": 0.96999999999999997, 
  "Manuf_0004": 0.48999999999999999, 
  "Manuf_0005": 1.25
}