{
  "Part_0003": 0.13, 
  "Part_0002": 0.16, 
  "Part_0001": 0.19, 
  "Part_0295": 0.38, 
  "Part_0007": 0.67000000000000004, 
  "Part_0006": 2.1499999999999999, 
  "Part_0005": 3.7000000000000002, 
  "Part_0004": 0.10000000000000001, 
  "Part_0009": 12.029999999999999, 
  "Part_0008": 2.5499999999999998, 
  "Part_0052": 0.13, 
  "Part_0053": 0.28000000000000003, 
  "Part_0258": 0.12, 
  "Part_0259": 0.46000000000000002, 
  "Part_0256": 0.48999999999999999, 
  "Part_0257": 0.0, 
  "Part_0254": 2.2599999999999998, 
  "Part_0255": 2.6899999999999999, 
  "Part_0252": 0.059999999999999998, 
  "Part_0253": 0.050000000000000003, 
  "Part_0250": 34.07, 
  "Part_0251": 0.56000000000000005, 
  "Manuf_0068": 48.829999999999998, 
  "Manuf_0069": 33.780000000000001, 
  "Part_0315": 0.17999999999999999, 
  "Part_0314": 0.64000000000000001, 
  "Part_0098": 0.17000000000000001, 
  "Part_0099": 0.02, 
  "Part_0311": 0.17999999999999999, 
  "Part_0310": 0.19, 
  "Manuf_0060": 51.280000000000001, 
  "Manuf_0061": 46.490000000000002, 
  "Manuf_0062": 50.920000000000002, 
  "Manuf_0063": 135.58000000000001, 
  "Manuf_0064": 39.799999999999997, 
  "Manuf_0065": 50.869999999999997, 
  "Manuf_0066": 39.090000000000003, 
  "Manuf_0067": 43.439999999999998, 
  "Part_0298": 7.8300000000000001, 
  "Part_0380": 0.17999999999999999, 
  "Part_0381": 0.25, 
  "Part_0382": 3.75, 
  "Part_0383": 0.83999999999999997, 
  "Part_0384": 0.64000000000000001, 
  "Part_0385": 0.02, 
  "Part_0386": 3.3999999999999999, 
  "Part_0387": 2.1800000000000002, 
  "Part_0388": 0.14000000000000001, 
  "Part_0389": 1.55, 
  "Part_0182": 0.059999999999999998, 
  "Part_0183": 0.070000000000000007, 
  "Part_0180": 0.089999999999999997, 
  "Part_0181": 0.60999999999999999, 
  "Part_0186": 0.32000000000000001, 
  "Part_0187": 0.040000000000000001, 
  "Part_0184": 0.029999999999999999, 
  "Part_0185": 0.040000000000000001, 
  "Part_0188": 0.41999999999999998, 
  "Part_0189": 0.23999999999999999, 
  "Retail_0049": 0.93999999999999995, 
  "Retail_0048": 0.0, 
  "Retail_0047": 0.96999999999999997, 
  "Retail_0046": 0.0, 
  "Retail_0045": 0.64000000000000001, 
  "Retail_0044": 0.0, 
  "Retail_0043": 0.88, 
  "Retail_0042": 0.0, 
  "Retail_0041": 0.97999999999999998, 
  "Retail_0040": 0.0, 
  "Part_0139": 0.14000000000000001, 
  "Part_0138": 0.13, 
  "Part_0137": 0.070000000000000007, 
  "Part_0136": 0.29999999999999999, 
  "Part_0135": 0.64000000000000001, 
  "Part_0134": 0.40999999999999998, 
  "Part_0133": 0.029999999999999999, 
  "Part_0132": 0.029999999999999999, 
  "Part_0131": 0.029999999999999999, 
  "Part_0130": 0.41999999999999998, 
  "Part_0058": 0.34000000000000002, 
  "Part_0059": 0.23999999999999999, 
  "Part_0351": 0.41999999999999998, 
  "Part_0350": 0.02, 
  "Part_0357": 0.45000000000000001, 
  "Part_0356": 0.059999999999999998, 
  "Part_0355": 0.13, 
  "Part_0354": 0.17999999999999999, 
  "Part_0050": 0.20000000000000001, 
  "Part_0051": 0.19, 
  "Part_0359": 0.029999999999999999, 
  "Part_0358": 0.029999999999999999, 
  "Part_0054": 0.16, 
  "Part_0055": 0.029999999999999999, 
  "Part_0056": 0.12, 
  "Part_0057": 0.40999999999999998, 
  "Part_0227": 2.8500000000000001, 
  "Part_0226": 0.39000000000000001, 
  "Part_0225": 2.6800000000000002, 
  "Part_0224": 0.27000000000000002, 
  "Part_0223": 0.17000000000000001, 
  "Part_0222": 0.34000000000000002, 
  "Part_0221": 0.94999999999999996, 
  "Part_0220": 0.10000000000000001, 
  "Part_0229": 0.48999999999999999, 
  "Part_0228": 0.33000000000000002, 
  "Manuf_0033": 0.72999999999999998, 
  "Manuf_0032": 0.81000000000000005, 
  "Manuf_0031": 1.0900000000000001, 
  "Manuf_0030": 0.92000000000000004, 
  "Manuf_0037": 0.93000000000000005, 
  "Manuf_0036": 1.02, 
  "Manuf_0035": 0.68000000000000005, 
  "Manuf_0034": 1.04, 
  "Manuf_0039": 1.02, 
  "Manuf_0038": 1.0800000000000001, 
  "Retail_0010": 0.0, 
  "Retail_0011": 0.0, 
  "Retail_0012": 0.0, 
  "Retail_0013": 0.0, 
  "Retail_0014": 0.0, 
  "Retail_0015": 0.0, 
  "Retail_0016": 1.1699999999999999, 
  "Retail_0017": 0.0, 
  "Retail_0018": 0.0, 
  "Retail_0019": 0.64000000000000001, 
  "Part_0092": 0.17999999999999999, 
  "Part_0093": 0.17000000000000001, 
  "Part_0179": 0.31, 
  "Part_0178": 0.02, 
  "Part_0173": 0.0, 
  "Part_0172": 0.53000000000000003, 
  "Part_0171": 0.38, 
  "Part_0170": 0.48999999999999999, 
  "Part_0177": 0.14999999999999999, 
  "Part_0176": 0.14999999999999999, 
  "Part_0175": 0.080000000000000002, 
  "Part_0174": 0.01, 
  "Part_0317": 0.050000000000000003, 
  "Part_0316": 0.029999999999999999, 
  "Part_0014": 3.98, 
  "Part_0015": 1.0900000000000001, 
  "Part_0016": 1.6100000000000001, 
  "Part_0017": 0.25, 
  "Part_0010": 3.3399999999999999, 
  "Part_0011": 1.1899999999999999, 
  "Part_0012": 1.3600000000000001, 
  "Part_0013": 1.27, 
  "Part_0313": 0.17999999999999999, 
  "Part_0018": 0.080000000000000002, 
  "Part_0019": 5.4100000000000001, 
  "Part_0312": 0.20999999999999999, 
  "Part_0094": 0.31, 
  "Part_0095": 0.38, 
  "Part_0096": 0.02, 
  "Part_0097": 0.14000000000000001, 
  "Part_0090": 0.53000000000000003, 
  "Part_0091": 0.27000000000000002, 
  "Part_0263": 0.23999999999999999, 
  "Part_0262": 0.29999999999999999, 
  "Part_0261": 0.20999999999999999, 
  "Part_0260": 0.16, 
  "Part_0267": 0.17000000000000001, 
  "Part_0319": 0.40000000000000002, 
  "Part_0265": 0.029999999999999999, 
  "Part_0264": 0.17000000000000001, 
  "Part_0300": 1.3200000000000001, 
  "Part_0301": 8.4100000000000001, 
  "Part_0269": 0.33000000000000002, 
  "Part_0318": 0.19, 
  "Part_0304": 0.44, 
  "Part_0305": 0.089999999999999997, 
  "Part_0306": 0.080000000000000002, 
  "Part_0307": 1.8300000000000001, 
  "Part_0061": 0.46999999999999997, 
  "Part_0060": 0.25, 
  "Part_0063": 0.20999999999999999, 
  "Part_0062": 0.25, 
  "Part_0065": 0.38, 
  "Part_0064": 0.25, 
  "Manuf_0079": 97.989999999999995, 
  "Manuf_0078": 104.28, 
  "Manuf_0077": 37.289999999999999, 
  "Manuf_0076": 28.440000000000001, 
  "Manuf_0075": 32.359999999999999, 
  "Manuf_0074": 34.789999999999999, 
  "Manuf_0073": 45.280000000000001, 
  "Manuf_0072": 39.729999999999997, 
  "Manuf_0071": 41.460000000000001, 
  "Manuf_0070": 43.399999999999999, 
  "Part_0029": 0.93999999999999995, 
  "Part_0047": 0.28000000000000003, 
  "Part_0046": 0.17999999999999999, 
  "Part_0045": 0.32000000000000001, 
  "Part_0044": 0.13, 
  "Manuf_0008": 0.70999999999999996, 
  "Manuf_0009": 17.84, 
  "Manuf_0002": 0.89000000000000001, 
  "Manuf_0003": 1.26, 
  "Manuf_0001": 1.0600000000000001, 
  "Manuf_0006": 1.23, 
  "Manuf_0007": 0.69999999999999996, 
  "Manuf_0004": 1.1200000000000001, 
  "Manuf_0005": 0.79000000000000004, 
  "Part_0289": 0.38, 
  "Part_0288": 0.5, 
  "Retail_0058": 0.0, 
  "Retail_0059": 0.88, 
  "Part_0281": 0.20999999999999999, 
  "Part_0280": 0.040000000000000001, 
  "Part_0283": 0.14000000000000001, 
  "Part_0282": 0.20000000000000001, 
  "Part_0285": 0.17999999999999999, 
  "Part_0284": 1.6100000000000001, 
  "Part_0287": 0.91000000000000003, 
  "Part_0286": 0.48999999999999999, 
  "Retail_0054": 0.0, 
  "Retail_0055": 0.73999999999999999, 
  "Retail_0056": 0.0, 
  "Part_0120": 0.0, 
  "Part_0121": 0.0, 
  "Part_0122": 0.0, 
  "Retail_0057": 0.65000000000000002, 
  "Part_0124": 0.0, 
  "Part_0125": 0.22, 
  "Part_0126": 0.65000000000000002, 
  "Part_0127": 0.22, 
  "Part_0128": 0.54000000000000004, 
  "Part_0129": 0.16, 
  "Retail_0051": 0.69999999999999996, 
  "Retail_0052": 0.0, 
  "Retail_0053": 0.96999999999999997, 
  "Part_0344": 0.02, 
  "Part_0345": 0.089999999999999997, 
  "Part_0346": 0.02, 
  "Part_0347": 0.17000000000000001, 
  "Part_0340": 0.10000000000000001, 
  "Part_0341": 0.029999999999999999, 
  "Part_0342": 0.16, 
  "Part_0343": 0.029999999999999999, 
  "Part_0025": 0.67000000000000004, 
  "Part_0024": 4.6699999999999999, 
  "Part_0027": 2.79, 
  "Part_0026": 1.6899999999999999, 
  "Part_0021": 0.69999999999999996, 
  "Part_0020": 5.8200000000000003, 
  "Part_0023": 1.7,