{
  "Part_0003": {
    "Manuf_0022": 530.55999999999995, 
    "Manuf_0024": 394.81999999999999, 
    "Manuf_0021": 483.24000000000001, 
    "Manuf_0019": 269.50999999999999, 
    "Manuf_0018": 592.21000000000004, 
    "Manuf_0004": 4686.9099999999999, 
    "Manuf_0002": 4686.9099999999999, 
    "Manuf_0003": 4686.9099999999999, 
    "Manuf_0001": 4686.9099999999999, 
    "Manuf_0020": 291.60000000000002, 
    "Manuf_0014": 476.91999999999996, 
    "Manuf_0017": 303.58000000000004, 
    "Manuf_0023": 457.72000000000003
  }, 
  "Part_0002": {
    "Manuf_0023": 457.72000000000003, 
    "Manuf_0022": 530.55999999999995, 
    "Manuf_0021": 483.24000000000001, 
    "Manuf_0020": 291.60000000000002, 
    "Manuf_0024": 394.81999999999999, 
    "Manuf_0014": 476.91999999999996, 
    "Manuf_0019": 269.50999999999999, 
    "Manuf_0018": 592.21000000000004, 
    "Manuf_0008": 467.32000000000005, 
    "Manuf_0009": 467.32000000000005, 
    "Manuf_0017": 303.58000000000004, 
    "Manuf_0010": 467.32000000000005, 
    "Manuf_0002": 4686.9099999999999, 
    "Manuf_0003": 4686.9099999999999, 
    "Manuf_0001": 4686.9099999999999, 
    "Manuf_0006": 467.32000000000005, 
    "Manuf_0007": 467.32000000000005, 
    "Manuf_0004": 4686.9099999999999, 
    "Manuf_0005": 467.32000000000005
  }, 
  "Part_0001": {
    "Manuf_0022": 530.55999999999995, 
    "Manuf_0024": 394.81999999999999, 
    "Manuf_0021": 483.24000000000001, 
    "Manuf_0019": 269.50999999999999, 
    "Manuf_0018": 592.21000000000004, 
    "Manuf_0004": 4686.9099999999999, 
    "Manuf_0002": 4686.9099999999999, 
    "Manuf_0003": 4686.9099999999999, 
    "Manuf_0001": 4686.9099999999999, 
    "Manuf_0020": 291.60000000000002, 
    "Manuf_0014": 476.91999999999996, 
    "Manuf_0017": 303.58000000000004, 
    "Manuf_0023": 457.72000000000003
  }, 
  "Part_0007": {
    "Manuf_0011": 290.07000000000005, 
    "Manuf_0013": 418.45999999999998, 
    "Manuf_0012": 474.23000000000002
  }, 
  "Part_0006": {
    "Manuf_0008": 467.32000000000005, 
    "Manuf_0009": 467.32000000000005, 
    "Manuf_0010": 467.32000000000005, 
    "Manuf_0006": 467.32000000000005, 
    "Manuf_0007": 467.32000000000005, 
    "Manuf_0005": 467.32000000000005
  }, 
  "Part_0005": {
    "Manuf_0019": 269.50999999999999, 
    "Manuf_0018": 592.21000000000004, 
    "Manuf_0022": 530.55999999999995, 
    "Manuf_0024": 394.81999999999999, 
    "Manuf_0023": 457.72000000000003, 
    "Manuf_0020": 291.60000000000002, 
    "Manuf_0021": 483.24000000000001, 
    "Manuf_0017": 303.58000000000004, 
    "Manuf_0005": 467.32000000000005
  }, 
  "Part_0004": {
    "Manuf_0022": 530.55999999999995, 
    "Manuf_0024": 394.81999999999999, 
    "Manuf_0021": 483.24000000000001, 
    "Manuf_0019": 269.50999999999999, 
    "Manuf_0018": 592.21000000000004, 
    "Manuf_0004": 4686.9099999999999, 
    "Manuf_0002": 4686.9099999999999, 
    "Manuf_0003": 4686.9099999999999, 
    "Manuf_0001": 4686.9099999999999, 
    "Manuf_0020": 291.60000000000002, 
    "Manuf_0014": 476.91999999999996, 
    "Manuf_0017": 303.58000000000004, 
    "Manuf_0023": 457.72000000000003
  }, 
  "Part_0009": {
    "Manuf_0030": 418.45999999999998, 
    "Manuf_0026": 315.85000000000002, 
    "Manuf_0027": 290.07000000000005, 
    "Manuf_0028": 547.20000000000005, 
    "Manuf_0029": 474.23000000000002
  }, 
  "Part_0008": {
    "Manuf_0011": 290.07000000000005, 
    "Manuf_0013": 418.45999999999998, 
    "Manuf_0012": 474.23000000000002
  }, 
  "Manuf_0055": {
    "Dist_0013": 483.24000000000001
  }, 
  "Manuf_0054": {
    "Dist_0012": 291.60000000000002
  }, 
  "Manuf_0057": {
    "Dist_0015": 457.72000000000003
  }, 
  "Manuf_0056": {
    "Dist_0014": 530.55999999999995
  }, 
  "Manuf_0051": {
    "Dist_0009": 303.58000000000004
  }, 
  "Manuf_0050": {
    "Dist_0008": 360.50999999999999
  }, 
  "Manuf_0053": {
    "Dist_0011": 269.50999999999999
  }, 
  "Manuf_0052": {
    "Dist_0010": 592.21000000000004
  }, 
  "Manuf_0059": {
    "Dist_0017": 467.32000000000005
  }, 
  "Manuf_0058": {
    "Dist_0016": 394.81999999999999
  }, 
  "Part_0014": {
    "Manuf_0027": 290.07000000000005
  }, 
  "Part_0015": {
    "Manuf_0028": 547.20000000000005
  }, 
  "Part_0016": {
    "Manuf_0028": 547.20000000000005
  }, 
  "Part_0017": {
    "Manuf_0029": 474.23000000000002
  }, 
  "Part_0010": {
    "Manuf_0038": 483.24000000000001, 
    "Manuf_0040": 457.72000000000003, 
    "Manuf_0042": 467.32000000000005, 
    "Manuf_0041": 394.81999999999999, 
    "Manuf_0033": 360.50999999999999, 
    "Manuf_0032": 526.24000000000001, 
    "Manuf_0031": 476.91999999999996, 
    "Manuf_0030": 418.45999999999998, 
    "Manuf_0028": 547.20000000000005, 
    "Manuf_0029": 474.23000000000002, 
    "Manuf_0035": 592.21000000000004, 
    "Manuf_0034": 303.58000000000004, 
    "Manuf_0037": 291.60000000000002, 
    "Manuf_0026": 315.85000000000002, 
    "Manuf_0027": 290.07000000000005, 
    "Manuf_0039": 530.55999999999995, 
    "Manuf_0036": 269.50999999999999
  }, 
  "Part_0011": {
    "Manuf_0026": 315.85000000000002
  }, 
  "Part_0012": {
    "Manuf_0026": 315.85000000000002
  }, 
  "Part_0013": {
    "Manuf_0027": 290.07000000000005
  }, 
  "Part_0018": {
    "Manuf_0029": 474.23000000000002
  }, 
  "Part_0019": {
    "Manuf_0030": 418.45999999999998
  }, 
  "Part_0061": {
    "Manuf_0051": 303.58000000000004
  }, 
  "Part_0060": {
    "Manuf_0051": 303.58000000000004
  }, 
  "Part_0063": {
    "Manuf_0052": 592.21000000000004
  }, 
  "Part_0062": {
    "Manuf_0052": 592.21000000000004
  }, 
  "Part_0065": {
    "Manuf_0053": 269.50999999999999
  }, 
  "Part_0064": {
    "Manuf_0053": 269.50999999999999
  }, 
  "Part_0067": {
    "Manuf_0054": 291.60000000000002
  }, 
  "Part_0066": {
    "Manuf_0054": 291.60000000000002
  }, 
  "Part_0069": {
    "Manuf_0055": 483.24000000000001
  }, 
  "Part_0068": {
    "Manuf_0055": 483.24000000000001
  }, 
  "Dist_0006": {
    "Retail_0011": 236.00999999999999, 
    "Retail_0012": 240.91
  }, 
  "Dist_0007": {
    "Retail_0013": 289.93000000000001, 
    "Retail_0014": 236.31
  }, 
  "Dist_0004": {
    "Retail_0008": 344.86000000000001, 
    "Retail_0007": 129.37
  }, 
  "Dist_0005": {
    "Retail_0010": 279.26999999999998, 
    "Retail_0009": 139.19
  }, 
  "Dist_0002": {
    "Retail_0003": 140.61000000000001, 
    "Retail_0004": 149.46000000000001
  }, 
  "Dist_0003": {
    "Retail_0006": 323.68000000000001, 
    "Retail_0005": 223.52000000000001
  }, 
  "Dist_0015": {
    "Retail_0030": 286.13999999999999, 
    "Retail_0029": 171.58000000000001
  }, 
  "Dist_0014": {
    "Retail_0027": 220.30000000000001, 
    "Retail_0028": 310.25999999999999
  }, 
  "Dist_0017": {
    "Retail_0033": 172.65000000000001, 
    "Retail_0034": 294.67000000000002
  }, 
  "Dist_0016": {
    "Retail_0032": 287.36000000000001, 
    "Retail_0031": 107.45999999999999
  }, 
  "Dist_0011": {
    "Retail_0021": 145.87, 
    "Retail_0022": 123.64
  }, 
  "Dist_0010": {
    "Retail_0019": 319.20999999999998, 
    "Retail_0020": 273.0
  }, 
  "Dist_0013": {
    "Retail_0025": 298.01999999999998, 
    "Retail_0026": 185.22
  }, 
  "Dist_0012": {
    "Retail_0024": 56.890000000000001, 
    "Retail_0023": 234.71000000000001
  }, 
  "Dist_0001": {
    "Retail_0002": 62.289999999999999, 
    "Retail_0001": 253.56
  }, 
  "Manuf_0008": {
    "Manuf_0025": 467.32000000000005
  }, 
  "Manuf_0009": {
    "Manuf_0025": 467.32000000000005
  }, 
  "Manuf_0002": {
    "Manuf_0020": 291.60000000000002, 
    "Manuf_0021": 483.24000000000001, 
    "Manuf_0019": 269.50999999999999, 
    "Manuf_0018": 592.21000000000004, 
    "Manuf_0022": 530.55999999999995, 
    "Manuf_0024": 394.81999999999999, 
    "Manuf_0023": 457.72000000000003, 
    "Manuf_0015": 526.24000000000001, 
    "Manuf_0014": 476.91999999999996, 
    "Manuf_0017": 303.58000000000004, 
    "Manuf_0016": 360.50999999999999
  }, 
  "Manuf_0003": {
    "Manuf_0020": 291.60000000000002, 
    "Manuf_0021": 483.24000000000001,